STRUCTURE,STRUCTURE_ID,STRUCTURE_NAME,ACTION,REF_AREA,Reference area,FREQ,Frequency of observation,MEASURE,Measure,UNIT_MEASURE,Unit of measure,TIME_PERIOD,Time period,OBS_VALUE,Observation value,OBS_STATUS,Observation status,UNIT_MULT,Unit multiplier,ADJUSTMENT,Adjustment,DECIMALS,Decimals,BASE_PER,Base period
DATAFLOW,OECD.ECO.MPD:DSD_AN_HOUSE_PRICES@DF_HOUSE_PRICES(1.0),Analytical house prices indicators,I,USA,United States,Q,Quarterly,HPI_RPI,Price to rent ratio,IX,Index,1990-Q4,,93.1588170455434,,A,Normal value,0,Units,S,"Seasonally adjusted, not calendar adjusted",1,One,2015,
DATAFLOW,OECD.ECO.MPD:DSD_AN_HOUSE_PRICES@DF_HOUSE_PRICES(1.0),Analytical house prices indicators,I,USA,United States,Q,Quarterly,HPI_RPI,Price to rent ratio,IX,Index,1970-Q3,,92.3371741347469,,A,Normal value,0,Units,S,"Seasonally adjusted, not calendar adjusted",1,One,2015,
DATAFLOW,OECD.ECO.MPD:DSD_AN_HOUSE_PRICES@DF_HOUSE_PRICES(1.0),Analytical house prices indicators,I,USA,United States,Q,Quarterly,HPI_RPI,Price to rent ratio,IX,Index,1970-Q4,,92.3300224643685,,A,Normal value,0,Units,S,"Seasonally adjusted, not calendar adjusted",1,One,2015,
DATAFLOW,OECD.ECO.MPD:DSD_AN_HOUSE_PRICES@DF_HOUSE_PRICES(1.0),Analytical house prices indicators,I,USA,United States,Q,Quarterly,HPI_RPI,Price to rent ratio,IX,Index,2020-Q3,,113.368212869996,,A,Normal value,0,Units,S,"Seasonally adjusted, not calendar adjusted",1,One,2015,
DATAFLOW,OECD.ECO.MPD:DSD_AN_HOUSE_PRICES@DF_HOUSE_PRICES(1.0),Analytical house prices indicators,I,USA,United States,Q,Quarterly,HPI_RPI,Price to rent ratio,IX,Index,2020-Q4,,118.081556153766,,A,Normal value,0,Units,S,"Seasonally adjusted, not calendar adjusted",1,One,2015,
DATAFLOW,OECD.ECO.MPD:DSD_AN_HOUSE_PRICES@DF_HOUSE_PRICES(1.0),Analytical house prices indicators,I,USA,United States,Q,Quarterly,HPI_RPI,Price to rent ratio,IX,Index,1971-Q4,,97.8217244261653,,A,Normal value,0,Units,S,"Seasonally adjusted, not calendar adjusted",1,One,2015,
DATAFLOW,OECD.ECO.MPD:DSD_AN_HOUSE_PRICES@DF_HOUSE_PRICES(1.0),Analytical house prices indicators,I,USA,United States,Q,Quarterly,HPI_RPI,Price to rent ratio,IX,Index,1972-Q1,,96.2810393533398,,A,Normal value,0,Units,S,"Seasonally adjusted, not calendar adjusted",1,One,2015,
DATAFLOW,OECD.ECO.MPD:DSD_AN_HOUSE_PRICES@DF_HOUSE_PRICES(1.0),Analytical house prices indicators,I,USA,United States,Q,Quarterly,HPI_RPI,Price to rent ratio,IX,Index,2013-Q1,,95.4983127696711,,A,Normal value,0,Units,S,"Seasonally adjusted, not calendar adjusted",1,One,2015,
DATAFLOW,OECD.ECO.MPD:DSD_AN_HOUSE_PRICES@DF_HOUSE_PRICES(1.0),Analytical house prices indicators,I,USA,United States,Q,Quarterly,HPI_RPI,Price to rent ratio,IX,Index,1972-Q4,,101.023027100857,,A,Normal value,0,Units,S,"Seasonally adjusted, not calendar adjusted",1,One,2015,
DATAFLOW,OECD.ECO.MPD:DSD_AN_HOUSE_PRICES@DF_HOUSE_PRICES(1.0),Analytical house prices indicators,I,USA,United States,Q,Quarterly,HPI_RPI,Price to rent ratio,IX,Index,1973-Q1,,103.975972723796,,A,Normal value,0,Units,S,"Seasonally adjusted, not calendar adjusted",1,One,2015,
DATAFLOW,OECD.ECO.MPD:DSD_AN_HOUSE_PRICES@DF_HOUSE_PRICES(1.0),Analytical house prices indicators,I,USA,United States,Q,Quarterly,HPI_RPI,Price to rent ratio,IX,Index,1973-Q2,,105.355923039949,,A,Normal value,0,Units,S,"Seasonally adjusted, not calendar adjusted",1,One,2015,
DATAFLOW,OECD.ECO.MPD:DSD_AN_HOUSE_PRICES@DF_HOUSE_PRICES(1.0),Analytical house prices indicators,I,USA,United States,Q,Quarterly,HPI_RPI,Price to rent ratio,IX,Index,1973-Q3,,106.68102259698,,A,Normal value,0,Units,S,"Seasonally adjusted, not calendar adjusted",1,One,2015,
DATAFLOW,OECD.ECO.MPD:DSD_AN_HOUSE_PRICES@DF_HOUSE_PRICES(1.0),Analytical house prices indicators,I,USA,United States,Q,Quarterly,HPI_RPI,Price to rent ratio,IX,Index,1970-Q1,,93.8904573599178,,A,Normal value,0,Units,S,"Seasonally adjusted, not calendar adjusted",1,One,2015,
DATAFLOW,OECD.ECO.MPD:DSD_AN_HOUSE_PRICES@DF_HOUSE_PRICES(1.0),Analytical house prices indicators,I,USA,United States,Q,Quarterly,HPI_RPI,Price to rent ratio,IX,Index,1970-Q2,,92.2629080749008,,A,Normal value,0,Units,S,"Seasonally adjusted, not calendar adjusted",1,One,2015,
DATAFLOW,OECD.ECO.MPD:DSD_AN_HOUSE_PRICES@DF_HOUSE_PRICES(1.0),Analytical house prices indicators,I,USA,United States,Q,Quarterly,HPI_RPI,Price to rent ratio,IX,Index,1975-Q2,,102.141431646572,,A,Normal value,0,Units,S,"Seasonally adjusted, not calendar adjusted",1,One,2015,
DATAFLOW,OECD.ECO.MPD:DSD_AN_HOUSE_PRICES@DF_HOUSE_PRICES(1.0),Analytical house prices indicators,I,USA,United States,Q,Quarterly,HPI_RPI,Price to rent ratio,IX,Index,1975-Q3,,100.549206430969,,A,Normal value,0,Units,S,"Seasonally adjusted, not calendar adjusted",1,One,2015,
DATAFLOW,OECD.ECO.MPD:DSD_AN_HOUSE_PRICES@DF_HOUSE_PRICES(1.0),Analytical house prices indicators,I,USA,United States,Q,Quarterly,HPI_RPI,Price to rent ratio,IX,Index,1975-Q4,,100.673448337329,,A,Normal value,0,Units,S,"Seasonally adjusted, not calendar adjusted",1,One,2015,
DATAFLOW,OECD.ECO.MPD:DSD_AN_HOUSE_PRICES@DF_HOUSE_PRICES(1.0),Analytical house prices indicators,I,USA,United States,Q,Quarterly,HPI_RPI,Price to rent ratio,IX,Index,1976-Q1,,100.581843574099,,A,Normal value,0,Units,S,"Seasonally adjusted, not calendar adjusted",1,One,2015,
DATAFLOW,OECD.ECO.MPD:DSD_AN_HOUSE_PRICES@DF_HOUSE_PRICES(1.0),Analytical house prices indicators,I,USA,United States,Q,Quarterly,HPI_RPI,Price to rent ratio,IX,Index,1976-Q2,,102.443824881894,,A,Normal value,0,Units,S,"Seasonally adjusted, not calendar adjusted",1,One,2015,
DATAFLOW,OECD.ECO.MPD:DSD_AN_HOUSE_PRICES@DF_HOUSE_PRICES(1.0),Analytical house prices indicators,I,USA,United States,Q,Quarterly,HPI_RPI,Price to rent ratio,IX,Index,1976-Q3,,102.065537669307,,A,Normal value,0,Units,S,"Seasonally adjusted, not calendar adjusted",1,One,2015,
DATAFLOW,OECD.ECO.MPD:DSD_AN_HOUSE_PRICES@DF_HOUSE_PRICES(1.0),Analytical house prices indicators,I,USA,United States,Q,Quarterly,HPI_RPI,Price to rent ratio,IX,Index,1976-Q4,,103.264751194915,,A,Normal value,0,Units,S,"Seasonally adjusted, not calendar adjusted",1,One,2015,
DATAFLOW,OECD.ECO.MPD:DSD_AN_HOUSE_PRICES@DF_HOUSE_PRICES(1.0),Analytical house prices indicators,I,USA,United States,Q,Quarterly,HPI_RPI,Price to rent ratio,IX,Index,1977-Q1,,104.048515322968,,A,Normal value,0,Units,S,"Seasonally adjusted, not calendar adjusted",1,One,2015,
DATAFLOW,OECD.ECO.MPD:DSD_AN_HOUSE_PRICES@DF_HOUSE_PRICES(1.0),Analytical house prices indicators,I,USA,United States,Q,Quarterly,HPI_RPI,Price to rent ratio,IX,Index,1977-Q2,,105.463224040498,,A,Normal value,0,Units,S,"Seasonally adjusted, not calendar adjusted",1,One,2015,
DATAFLOW,OECD.ECO.MPD:DSD_AN_HOUSE_PRICES@DF_HOUSE_PRICES(1.0),Analytical house prices indicators,I,USA,United States,Q,Quarterly,HPI_RPI,Price to rent ratio,IX,Index,2000-Q1,,95.6358724095236,,A,Normal value,0,Units,S,"Seasonally adjusted, not calendar adjusted",1,One,2015,
DATAFLOW,OECD.ECO.MPD:DSD_AN_HOUSE_PRICES@DF_HOUSE_PRICES(1.0),Analytical house prices indicators,I,USA,United States,Q,Quarterly,HPI_RPI,Price to rent ratio,IX,Index,1978-Q3,,109.379053200109,,A,Normal value,0,Units,S,"Seasonally adjusted, not calendar adjusted",1,One,2015,
DATAFLOW,OECD.ECO.MPD:DSD_AN_HOUSE_PRICES@DF_HOUSE_PRICES(1.0),Analytical house prices indicators,I,USA,United States,Q,Quarterly,HPI_RPI,Price to rent ratio,IX,Index,1978-Q4,,109.594997003333,,A,Normal value,0,Units,S,"Seasonally adjusted, not calendar adjusted",1,One,2015,
DATAFLOW,OECD.ECO.MPD:DSD_AN_HOUSE_PRICES@DF_HOUSE_PRICES(1.0),Analytical house prices indicators,I,USA,United States,Q,Quarterly,HPI_RPI,Price to rent ratio,IX,Index,1979-Q1,,111.13633775643,,A,Normal value,0,Units,S,"Seasonally adjusted, not calendar adjusted",1,One,2015,
DATAFLOW,OECD.ECO.MPD:DSD_AN_HOUSE_PRICES@DF_HOUSE_PRICES(1.0),Analytical house prices indicators,I,USA,United States,Q,Quarterly,HPI_RPI,Price to rent ratio,IX,Index,1979-Q2,,109.995577955982,,A,Normal value,0,Units,S,"Seasonally adjusted, not calendar adjusted",1,One,2015,
DATAFLOW,OECD.ECO.MPD:DSD_AN_HOUSE_PRICES@DF_HOUSE_PRICES(1.0),Analytical house prices indicators,I,USA,United States,Q,Quarterly,HPI_RPI,Price to rent ratio,IX,Index,1979-Q3,,108.113767838026,,A,Normal value,0,Units,S,"Seasonally adjusted, not calendar adjusted",1,One,2015,
DATAFLOW,OECD.ECO.MPD:DSD_AN_HOUSE_PRICES@DF_HOUSE_PRICES(1.0),Analytical house prices indicators,I,USA,United States,Q,Quarterly,HPI_RPI,Price to rent ratio,IX,Index,1979-Q4,,105.505634095742,,A,Normal value,0,Units,S,"Seasonally adjusted, not calendar adjusted",1,One,2015,
DATAFLOW,OECD.ECO.MPD:DSD_AN_HOUSE_PRICES@DF_HOUSE_PRICES(1.0),Analytical house prices indicators,I,USA,United States,Q,Quarterly,HPI_RPI,Price to rent ratio,IX,Index,1971-Q1,,93.9360442739209,,A,Normal value,0,Units,S,"Seasonally adjusted, not calendar adjusted",1,One,2015,
DATAFLOW,OECD.ECO.MPD:DSD_AN_HOUSE_PRICES@DF_HOUSE_PRICES(1.0),Analytical house prices indicators,I,USA,United States,Q,Quarterly,HPI_RPI,Price to rent ratio,IX,Index,1971-Q2,,96.5151062115847,,A,Normal value,0,Units,S,"Seasonally adjusted, not calendar adjusted",1,One,2015,
DATAFLOW,OECD.ECO.MPD:DSD_AN_HOUSE_PRICES@DF_HOUSE_PRICES(1.0),Analytical house prices indicators,I,USA,United States,Q,Quarterly,HPI_RPI,Price to rent ratio,IX,Index,1971-Q3,,96.2258835325301,,A,Normal value,0,Units,S,"Seasonally adjusted, not calendar adjusted",1,One,2015,
DATAFLOW,OECD.ECO.MPD:DSD_AN_HOUSE_PRICES@DF_HOUSE_PRICES(1.0),Analytical house prices indicators,I,USA,United States,Q,Quarterly,HPI_RPI,Price to rent ratio,IX,Index,1983-Q2,,90.8558318769749,,A,Normal value,0,Units,S,"Seasonally adjusted, not calendar adjusted",1,One,2015,
DATAFLOW,OECD.ECO.MPD:DSD_AN_HOUSE_PRICES@DF_HOUSE_PRICES(1.0),Analytical house prices indicators,I,USA,United States,Q,Quarterly,HPI_RPI,Price to rent ratio,IX,Index,1983-Q3,,90.7684663739607,,A,Normal value,0,Units,S,"Seasonally adjusted, not calendar adjusted",1,One,2015,
DATAFLOW,OECD.ECO.MPD:DSD_AN_HOUSE_PRICES@DF_HOUSE_PRICES(1.0),Analytical house prices indicators,I,USA,United States,Q,Quarterly,HPI_RPI,Price to rent ratio,IX,Index,1983-Q4,,90.3256888651443,,A,Normal value,0,Units,S,"Seasonally adjusted, not calendar adjusted",1,One,2015,
DATAFLOW,OECD.ECO.MPD:DSD_AN_HOUSE_PRICES@DF_HOUSE_PRICES(1.0),Analytical house prices indicators,I,USA,United States,Q,Quarterly,HPI_RPI,Price to rent ratio,IX,Index,1984-Q1,,90.3774397401697,,A,Normal value,0,Units,S,"Seasonally adjusted, not calendar adjusted",1,One,2015,
DATAFLOW,OECD.ECO.MPD:DSD_AN_HOUSE_PRICES@DF_HOUSE_PRICES(1.0),Analytical house prices indicators,I,USA,United States,Q,Quarterly,HPI_RPI,Price to rent ratio,IX,Index,1984-Q2,,90.5714372771826,,A,Normal value,0,Units,S,"Seasonally adjusted, not calendar adjusted",1,One,2015,
DATAFLOW,OECD.ECO.MPD:DSD_AN_HOUSE_PRICES@DF_HOUSE_PRICES(1.0),Analytical house prices indicators,I,USA,United States,Q,Quarterly,HPI_RPI,Price to rent ratio,IX,Index,1984-Q3,,90.3606318010031,,A,Normal value,0,Units,S,"Seasonally adjusted, not calendar adjusted",1,One,2015,
DATAFLOW,OECD.ECO.MPD:DSD_AN_HOUSE_PRICES@DF_HOUSE_PRICES(1.0),Analytical house prices indicators,I,USA,United States,Q,Quarterly,HPI_RPI,Price to rent ratio,IX,Index,1984-Q4,,90.4833499726094,,A,Normal value,0,Units,S,"Seasonally adjusted, not calendar adjusted",1,One,2015,
DATAFLOW,OECD.ECO.MPD:DSD_AN_HOUSE_PRICES@DF_HOUSE_PRICES(1.0),Analytical house prices indicators,I,USA,United States,Q,Quarterly,HPI_RPI,Price to rent ratio,IX,Index,1985-Q1,,90.3831406732786,,A,Normal value,0,Units,S,"Seasonally adjusted, not calendar adjusted",1,One,2015,
DATAFLOW,OECD.ECO.MPD:DSD_AN_HOUSE_PRICES@DF_HOUSE_PRICES(1.0),Analytical house prices indicators,I,USA,United States,Q,Quarterly,HPI_RPI,Price to rent ratio,IX,Index,1985-Q2,,90.4107099578003,,A,Normal value,0,Units,S,"Seasonally adjusted, not calendar adjusted",1,One,2015,
DATAFLOW,OECD.ECO.MPD:DSD_AN_HOUSE_PRICES@DF_HOUSE_PRICES(1.0),Analytical house prices indicators,I,USA,United States,Q,Quarterly,HPI_RPI,Price to rent ratio,IX,Index,1985-Q3,,90.7952557787984,,A,Normal value,0,Units,S,"Seasonally adjusted, not calendar adjusted",1,One,2015,
DATAFLOW,OECD.ECO.MPD:DSD_AN_HOUSE_PRICES@DF_HOUSE_PRICES(1.0),Analytical house prices indicators,I,USA,United States,Q,Quarterly,HPI_RPI,Price to rent ratio,IX,Index,1985-Q4,,91.0282373398365,,A,Normal value,0,Units,S,"Seasonally adjusted, not calendar adjusted",1,One,2015,
DATAFLOW,OECD.ECO.MPD:DSD_AN_HOUSE_PRICES@DF_HOUSE_PRICES(1.0),Analytical house prices indicators,I,USA,United States,Q,Quarterly,HPI_RPI,Price to rent ratio,IX,Index,1986-Q1,,91.3869846806499,,A,Normal value,0,Units,S,"Seasonally adjusted, not calendar adjusted",1,One,2015,
DATAFLOW,OECD.ECO.MPD:DSD_AN_HOUSE_PRICES@DF_HOUSE_PRICES(1.0),Analytical house prices indicators,I,USA,United States,Q,Quarterly,HPI_RPI,Price to rent ratio,IX,Index,1986-Q2,,91.9793160716204,,A,Normal value,0,Units,S,"Seasonally adjusted, not calendar adjusted",1,One,2015,
DATAFLOW,OECD.ECO.MPD:DSD_AN_HOUSE_PRICES@DF_HOUSE_PRICES(1.0),Analytical house prices indicators,I,USA,United States,Q,Quarterly,HPI_RPI,Price to rent ratio,IX,Index,1986-Q3,,92.9009727031922,,A,Normal value,0,Units,S,"Seasonally adjusted, not calendar adjusted",1,One,2015,
DATAFLOW,OECD.ECO.MPD:DSD_AN_HOUSE_PRICES@DF_HOUSE_PRICES(1.0),Analytical house prices indicators,I,USA,United States,Q,Quarterly,HPI_RPI,Price to rent ratio,IX,Index,1986-Q4,,93.8347089226005,,A,Normal value,0,Units,S,"Seasonally adjusted, not calendar adjusted",1,One,2015,
DATAFLOW,OECD.ECO.MPD:DSD_AN_HOUSE_PRICES@DF_HOUSE_PRICES(1.0),Analytical house prices indicators,I,USA,United States,Q,Quarterly,HPI_RPI,Price to rent ratio,IX,Index,1987-Q1,,94.6248442583251,,A,Normal value,0,Units,S,"Seasonally adjusted, not calendar adjusted",1,One,2015,
DATAFLOW,OECD.ECO.MPD:DSD_AN_HOUSE_PRICES@DF_HOUSE_PRICES(1.0),Analytical house prices indicators,I,USA,United States,Q,Quarterly,HPI_RPI,Price to rent ratio,IX,Index,1987-Q2,,95.2417996826599,,A,Normal value,0,Units,S,"Seasonally adjusted, not calendar adjusted",1,One,2015,
DATAFLOW,OECD.ECO.MPD:DSD_AN_HOUSE_PRICES@DF_HOUSE_PRICES(1.0),Analytical house prices indicators,I,USA,United States,Q,Quarterly,HPI_RPI,Price to rent ratio,IX,Index,1987-Q3,,95.7475790507647,,A,Normal value,0,Units,S,"Seasonally adjusted, not calendar adjusted",1,One,2015,
DATAFLOW,OECD.ECO.MPD:DSD_AN_HOUSE_PRICES@DF_HOUSE_PRICES(1.0),Analytical house prices indicators,I,USA,United States,Q,Quarterly,HPI_RPI,Price to rent ratio,IX,Index,1987-Q4,,95.6511149456413,,A,Normal value,0,Units,S,"Seasonally adjusted, not calendar adjusted",1,One,2015,
DATAFLOW,OECD.ECO.MPD:DSD_AN_HOUSE_PRICES@DF_HOUSE_PRICES(1.0),Analytical house prices indicators,I,USA,United States,Q,Quarterly,HPI_RPI,Price to rent ratio,IX,Index,1988-Q1,,95.9298463935734,,A,Normal value,0,Units,S,"Seasonally adjusted, not calendar adjusted",1,One,2015,
DATAFLOW,OECD.ECO.MPD:DSD_AN_HOUSE_PRICES@DF_HOUSE_PRICES(1.0),Analytical house prices indicators,I,USA,United States,Q,Quarterly,HPI_RPI,Price to rent ratio,IX,Index,1988-Q2,,96.994561112986,,A,Normal value,0,Units,S,"Seasonally adjusted, not calendar adjusted",1,One,2015,
DATAFLOW,OECD.ECO.MPD:DSD_AN_HOUSE_PRICES@DF_HOUSE_PRICES(1.0),Analytical house prices indicators,I,USA,United States,Q,Quarterly,HPI_RPI,Price to rent ratio,IX,Index,1988-Q3,,96.813981785284,,A,Normal value,0,Units,S,"Seasonally adjusted, not calendar adjusted",1,One,2015,
DATAFLOW,OECD.ECO.MPD:DSD_AN_HOUSE_PRICES@DF_HOUSE_PRICES(1.0),Analytical house prices indicators,I,USA,United States,Q,Quarterly,HPI_RPI,Price to rent ratio,IX,Index,1988-Q4,,97.1027368821555,,A,Normal value,0,Units,S,"Seasonally adjusted, not calendar adjusted",1,One,2015,
DATAFLOW,OECD.ECO.MPD:DSD_AN_HOUSE_PRICES@DF_HOUSE_PRICES(1.0),Analytical house prices indicators,I,USA,United States,Q,Quarterly,HPI_RPI,Price to rent ratio,IX,Index,1972-Q2,,98.1007722086149,,A,Normal value,0,Units,S,"Seasonally adjusted, not calendar adjusted",1,One,2015,
DATAFLOW,OECD.ECO.MPD:DSD_AN_HOUSE_PRICES@DF_HOUSE_PRICES(1.0),Analytical house prices indicators,I,USA,United States,Q,Quarterly,HPI_RPI,Price to rent ratio,IX,Index,1972-Q3,,99.0922389550165,,A,Normal value,0,Units,S,"Seasonally adjusted, not calendar adjusted",1,One,2015,
DATAFLOW,OECD.ECO.MPD:DSD_AN_HOUSE_PRICES@DF_HOUSE_PRICES(1.0),Analytical house prices indicators,I,USA,United States,Q,Quarterly,HPI_RPI,Price to rent ratio,IX,Index,1991-Q1,,92.6706373164945,,A,Normal value,0,Units,S,"Seasonally adjusted, not calendar adjusted",1,One,2015,
DATAFLOW,OECD.ECO.MPD:DSD_AN_HOUSE_PRICES@DF_HOUSE_PRICES(1.0),Analytical house prices indicators,I,USA,United States,Q,Quarterly,HPI_RPI,Price to rent ratio,IX,Index,1991-Q2,,91.9696477779105,,A,Normal value,0,Units,S,"Seasonally adjusted, not calendar adjusted",1,One,2015,
DATAFLOW,OECD.ECO.MPD:DSD_AN_HOUSE_PRICES@DF_HOUSE_PRICES(1.0),Analytical house prices indicators,I,USA,United States,Q,Quarterly,HPI_RPI,Price to rent ratio,IX,Index,1991-Q3,,91.34523626567,,A,Normal value,0,Units,S,"Seasonally adjusted, not calendar adjusted",1,One,2015,
DATAFLOW,OECD.ECO.MPD:DSD_AN_HOUSE_PRICES@DF_HOUSE_PRICES(1.0),Analytical house prices indicators,I,USA,United States,Q,Quarterly,HPI_RPI,Price to rent ratio,IX,Index,1991-Q4,,91.2949247017929,,A,Normal value,0,Units,S,"Seasonally adjusted, not calendar adjusted",1,One,2015,
DATAFLOW,OECD.ECO.MPD:DSD_AN_HOUSE_PRICES@DF_HOUSE_PRICES(1.0),Analytical house prices indicators,I,USA,United States,Q,Quarterly,HPI_RPI,Price to rent ratio,IX,Index,1992-Q1,,91.5168117153172,,A,Normal value,0,Units,S,"Seasonally adjusted, not calendar adjusted",1,One,2015,
DATAFLOW,OECD.ECO.MPD:DSD_AN_HOUSE_PRICES@DF_HOUSE_PRICES(1.0),Analytical house prices indicators,I,USA,United States,Q,Quarterly,HPI_RPI,Price to rent ratio,IX,Index,1992-Q2,,90.750829038117,,A,Normal value,0,Units,S,"Seasonally adjusted, not calendar adjusted",1,One,2015,
DATAFLOW,OECD.ECO.MPD:DSD_AN_HOUSE_PRICES@DF_HOUSE_PRICES(1.0),Analytical house prices indicators,I,USA,United States,Q,Quarterly,HPI_RPI,Price to rent ratio,IX,Index,1992-Q3,,90.8506786840058,,A,Normal value,0,Units,S,"Seasonally adjusted, not calendar adjusted",1,One,2015,
DATAFLOW,OECD.ECO.MPD:DSD_AN_HOUSE_PRICES@DF_HOUSE_PRICES(1.0),Analytical house prices indicators,I,USA,United States,Q,Quarterly,HPI_RPI,Price to rent ratio,IX,Index,1992-Q4,,90.8866731499355,,A,Normal value,0,Units,S,"Seasonally adjusted, not calendar adjusted",1,One,2015,
DATAFLOW,OECD.ECO.MPD:DSD_AN_HOUSE_PRICES@DF_HOUSE_PRICES(1.0),Analytical house prices indicators,I,USA,United States,Q,Quarterly,HPI_RPI,Price to rent ratio,IX,Index,1993-Q1,,90.2347870197734,,A,Normal value,0,Units,S,"Seasonally adjusted, not calendar adjusted",1,One,2015,
DATAFLOW,OECD.ECO.MPD:DSD_AN_HOUSE_PRICES@DF_HOUSE_PRICES(1.0),Analytical house prices indicators,I,USA,United States,Q,Quarterly,HPI_RPI,Price to rent ratio,IX,Index,1973-Q4,,106.020750259753,,A,Normal value,0,Units,S,"Seasonally adjusted, not calendar adjusted",1,One,2015,
DATAFLOW,OECD.ECO.MPD:DSD_AN_HOUSE_PRICES@DF_HOUSE_PRICES(1.0),Analytical house prices indicators,I,USA,United States,Q,Quarterly,HPI_RPI,Price to rent ratio,IX,Index,1974-Q1,,105.759916076883,,A,Normal value,0,Units,S,"Seasonally adjusted, not calendar adjusted",1,One,2015,
DATAFLOW,OECD.ECO.MPD:DSD_AN_HOUSE_PRICES@DF_HOUSE_PRICES(1.0),Analytical house prices indicators,I,USA,United States,Q,Quarterly,HPI_RPI,Price to rent ratio,IX,Index,1974-Q2,,105.503964375485,,A,Normal value,0,Units,S,"Seasonally adjusted, not calendar adjusted",1,One,2015,
DATAFLOW,OECD.ECO.MPD:DSD_AN_HOUSE_PRICES@DF_HOUSE_PRICES(1.0),Analytical house prices indicators,I,USA,United States,Q,Quarterly,HPI_RPI,Price to rent ratio,IX,Index,1974-Q3,,105.392491776044,,A,Normal value,0,Units,S,"Seasonally adjusted, not calendar adjusted",1,One,2015,
DATAFLOW,OECD.ECO.MPD:DSD_AN_HOUSE_PRICES@DF_HOUSE_PRICES(1.0),Analytical house prices indicators,I,USA,United States,Q,Quarterly,HPI_RPI,Price to rent ratio,IX,Index,1974-Q4,,103.07620384665,,A,Normal value,0,Units,S,"Seasonally adjusted, not calendar adjusted",1,One,2015,
DATAFLOW,OECD.ECO.MPD:DSD_AN_HOUSE_PRICES@DF_HOUSE_PRICES(1.0),Analytical house prices indicators,I,USA,United States,Q,Quarterly,HPI_RPI,Price to rent ratio,IX,Index,1975-Q1,,102.493936758586,,A,Normal value,0,Units,S,"Seasonally adjusted, not calendar adjusted",1,One,2015,
DATAFLOW,OECD.ECO.MPD:DSD_AN_HOUSE_PRICES@DF_HOUSE_PRICES(1.0),Analytical house prices indicators,I,USA,United States,Q,Quarterly,HPI_RPI,Price to rent ratio,IX,Index,2000-Q2,,96.4637512101438,,A,Normal value,0,Units,S,"Seasonally adjusted, not calendar adjusted",1,One,2015,
DATAFLOW,OECD.ECO.MPD:DSD_AN_HOUSE_PRICES@DF_HOUSE_PRICES(1.0),Analytical house prices indicators,I,USA,United States,Q,Quarterly,HPI_RPI,Price to rent ratio,IX,Index,2000-Q3,,97.141357560221,,A,Normal value,0,Units,S,"Seasonally adjusted, not calendar adjusted",1,One,2015,
DATAFLOW,OECD.ECO.MPD:DSD_AN_HOUSE_PRICES@DF_HOUSE_PRICES(1.0),Analytical house prices indicators,I,USA,United States,Q,Quarterly,HPI_RPI,Price to rent ratio,IX,Index,2000-Q4,,97.9631052545782,,A,Normal value,0,Units,S,"Seasonally adjusted, not calendar adjusted",1,One,2015,
DATAFLOW,OECD.ECO.MPD:DSD_AN_HOUSE_PRICES@DF_HOUSE_PRICES(1.0),Analytical house prices indicators,I,USA,United States,Q,Quarterly,HPI_RPI,Price to rent ratio,IX,Index,2001-Q1,,98.9443490732173,,A,Normal value,0,Units,S,"Seasonally adjusted, not calendar adjusted",1,One,2015,
DATAFLOW,OECD.ECO.MPD:DSD_AN_HOUSE_PRICES@DF_HOUSE_PRICES(1.0),Analytical house prices indicators,I,USA,United States,Q,Quarterly,HPI_RPI,Price to rent ratio,IX,Index,2001-Q2,,99.4770370923498,,A,Normal value,0,Units,S,"Seasonally adjusted, not calendar adjusted",1,One,2015,
DATAFLOW,OECD.ECO.MPD:DSD_AN_HOUSE_PRICES@DF_HOUSE_PRICES(1.0),Analytical house prices indicators,I,USA,United States,Q,Quarterly,HPI_RPI,Price to rent ratio,IX,Index,2001-Q3,,99.9790428886781,,A,Normal value,0,Units,S,"Seasonally adjusted, not calendar adjusted",1,One,2015,
DATAFLOW,OECD.ECO.MPD:DSD_AN_HOUSE_PRICES@DF_HOUSE_PRICES(1.0),Analytical house prices indicators,I,USA,United States,Q,Quarterly,HPI_RPI,Price to rent ratio,IX,Index,2001-Q4,,100.555979679385,,A,Normal value,0,Units,S,"Seasonally adjusted, not calendar adjusted",1,One,2015,
DATAFLOW,OECD.ECO.MPD:DSD_AN_HOUSE_PRICES@DF_HOUSE_PRICES(1.0),Analytical house prices indicators,I,USA,United States,Q,Quarterly,HPI_RPI,Price to rent ratio,IX,Index,2002-Q1,,101.132783474548,,A,Normal value,0,Units,S,"Seasonally adjusted, not calendar adjusted",1,One,2015,
DATAFLOW,OECD.ECO.MPD:DSD_AN_HOUSE_PRICES@DF_HOUSE_PRICES(1.0),Analytical house prices indicators,I,USA,United States,Q,Quarterly,HPI_RPI,Price to rent ratio,IX,Index,2002-Q2,,102.147080233957,,A,Normal value,0,Units,S,"Seasonally adjusted, not calendar adjusted",1,One,2015,
DATAFLOW,OECD.ECO.MPD:DSD_AN_HOUSE_PRICES@DF_HOUSE_PRICES(1.0),Analytical house prices indicators,I,USA,United States,Q,Quarterly,HPI_RPI,Price to rent ratio,IX,Index,2002-Q3,,103.399696381816,,A,Normal value,0,Units,S,"Seasonally adjusted, not calendar adjusted",1,One,2015,
DATAFLOW,OECD.ECO.MPD:DSD_AN_HOUSE_PRICES@DF_HOUSE_PRICES(1.0),Analytical house prices indicators,I,USA,United States,Q,Quarterly,HPI_RPI,Price to rent ratio,IX,Index,2002-Q4,,104.752155309968,,A,Normal value,0,Units,S,"Seasonally adjusted, not calendar adjusted",1,One,2015,
DATAFLOW,OECD.ECO.MPD:DSD_AN_HOUSE_PRICES@DF_HOUSE_PRICES(1.0),Analytical house prices indicators,I,USA,United States,Q,Quarterly,HPI_RPI,Price to rent ratio,IX,Index,2003-Q1,,106.062632685797,,A,Normal value,0,Units,S,"Seasonally adjusted, not calendar adjusted",1,One,2015,
DATAFLOW,OECD.ECO.MPD:DSD_AN_HOUSE_PRICES@DF_HOUSE_PRICES(1.0),Analytical house prices indicators,I,USA,United States,Q,Quarterly,HPI_RPI,Price to rent ratio,IX,Index,2003-Q2,,107.344263386931,,A,Normal value,0,Units,S,"Seasonally adjusted, not calendar adjusted",1,One,2015,
DATAFLOW,OECD.ECO.MPD:DSD_AN_HOUSE_PRICES@DF_HOUSE_PRICES(1.0),Analytical house prices indicators,I,USA,United States,Q,Quarterly,HPI_RPI,Price to rent ratio,IX,Index,2003-Q3,,108.762552664452,,A,Normal value,0,Units,S,"Seasonally adjusted, not calendar adjusted",1,One,2015,
DATAFLOW,OECD.ECO.MPD:DSD_AN_HOUSE_PRICES@DF_HOUSE_PRICES(1.0),Analytical house prices indicators,I,USA,United States,Q,Quarterly,HPI_RPI,Price to rent ratio,IX,Index,2003-Q4,,110.447843978458,,A,Normal value,0,Units,S,"Seasonally adjusted, not calendar adjusted",1,One,2015,
DATAFLOW,OECD.ECO.MPD:DSD_AN_HOUSE_PRICES@DF_HOUSE_PRICES(1.0),Analytical house prices indicators,I,USA,United States,Q,Quarterly,HPI_RPI,Price to rent ratio,IX,Index,2004-Q1,,112.262725430275,,A,Normal value,0,Units,S,"Seasonally adjusted, not calendar adjusted",1,One,2015,
DATAFLOW,OECD.ECO.MPD:DSD_AN_HOUSE_PRICES@DF_HOUSE_PRICES(1.0),Analytical house prices indicators,I,USA,United States,Q,Quarterly,HPI_RPI,Price to rent ratio,IX,Index,2004-Q2,,114.009115642328,,A,Normal value,0,Units,S,"Seasonally adjusted, not calendar adjusted",1,One,2015,
DATAFLOW,OECD.ECO.MPD:DSD_AN_HOUSE_PRICES@DF_HOUSE_PRICES(1.0),Analytical house prices indicators,I,USA,United States,Q,Quarterly,HPI_RPI,Price to rent ratio,IX,Index,2004-Q3,,116.15015022727,,A,Normal value,0,Units,S,"Seasonally adjusted, not calendar adjusted",1,One,2015,
DATAFLOW,OECD.ECO.MPD:DSD_AN_HOUSE_PRICES@DF_HOUSE_PRICES(1.0),Analytical house prices indicators,I,USA,United States,Q,Quarterly,HPI_RPI,Price to rent ratio,IX,Index,2004-Q4,,118.428106360528,,A,Normal value,0,Units,S,"Seasonally adjusted, not calendar adjusted",1,One,2015,
DATAFLOW,OECD.ECO.MPD:DSD_AN_HOUSE_PRICES@DF_HOUSE_PRICES(1.0),Analytical house prices indicators,I,USA,United States,Q,Quarterly,HPI_RPI,Price to rent ratio,IX,Index,2005-Q1,,120.448970747684,,A,Normal value,0,Units,S,"Seasonally adjusted, not calendar adjusted",1,One,2015,
DATAFLOW,OECD.ECO.MPD:DSD_AN_HOUSE_PRICES@DF_HOUSE_PRICES(1.0),Analytical house prices indicators,I,USA,United States,Q,Quarterly,HPI_RPI,Price to rent ratio,IX,Index,2005-Q2,,122.978092005717,,A,Normal value,0,Units,S,"Seasonally adjusted, not calendar adjusted",1,One,2015,
DATAFLOW,OECD.ECO.MPD:DSD_AN_HOUSE_PRICES@DF_HOUSE_PRICES(1.0),Analytical house prices indicators,I,USA,United States,Q,Quarterly,HPI_RPI,Price to rent ratio,IX,Index,2005-Q3,,125.631820871936,,A,Normal value,0,Units,S,"Seasonally adjusted, not calendar adjusted",1,One,2015,
DATAFLOW,OECD.ECO.MPD:DSD_AN_HOUSE_PRICES@DF_HOUSE_PRICES(1.0),Analytical house prices indicators,I,USA,United States,Q,Quarterly,HPI_RPI,Price to rent ratio,IX,Index,2005-Q4,,127.337833243068,,A,Normal value,0,Units,S,"Seasonally adjusted, not calendar adjusted",1,One,2015,
DATAFLOW,OECD.ECO.MPD:DSD_AN_HOUSE_PRICES@DF_HOUSE_PRICES(1.0),Analytical house prices indicators,I,USA,United States,Q,Quarterly,HPI_RPI,Price to rent ratio,IX,Index,2006-Q1,,128.131627050183,,A,Normal value,0,Units,S,"Seasonally adjusted, not calendar adjusted",1,One,2015,
DATAFLOW,OECD.ECO.MPD:DSD_AN_HOUSE_PRICES@DF_HOUSE_PRICES(1.0),Analytical house prices indicators,I,USA,United States,Q,Quarterly,HPI_RPI,Price to rent ratio,IX,Index,2006-Q2,,127.551981327669,,A,Normal value,0,Units,S,"Seasonally adjusted, not calendar adjusted",1,One,2015,
DATAFLOW,OECD.ECO.MPD:DSD_AN_HOUSE_PRICES@DF_HOUSE_PRICES(1.0),Analytical house prices indicators,I,USA,United States,Q,Quarterly,HPI_RPI,Price to rent ratio,IX,Index,2006-Q3,,126.333795226478,,A,Normal value,0,Units,S,"Seasonally adjusted, not calendar adjusted",1,One,2015,
DATAFLOW,OECD.ECO.MPD:DSD_AN_HOUSE_PRICES@DF_HOUSE_PRICES(1.0),Analytical house prices indicators,I,USA,United States,Q,Quarterly,HPI_RPI,Price to rent ratio,IX,Index,2006-Q4,,125.707125829609,,A,Normal value,0,Units,S,"Seasonally adjusted, not calendar adjusted",1,One,2015,
DATAFLOW,OECD.ECO.MPD:DSD_AN_HOUSE_PRICES@DF_HOUSE_PRICES(1.0),Analytical house prices indicators,I,USA,United States,Q,Quarterly,HPI_RPI,Price to rent ratio,IX,Index,2007-Q1,,125.363657129079,,A,Normal value,0,Units,S,"Seasonally adjusted, not calendar adjusted",1,One,2015,
DATAFLOW,OECD.ECO.MPD:DSD_AN_HOUSE_PRICES@DF_HOUSE_PRICES(1.0),Analytical house prices indicators,I,USA,United States,Q,Quarterly,HPI_RPI,Price to rent ratio,IX,Index,2007-Q2,,123.9871617343,,A,Normal value,0,Units,S,"Seasonally adjusted, not calendar adjusted",1,One,2015,
DATAFLOW,OECD.ECO.MPD:DSD_AN_HOUSE_PRICES@DF_HOUSE_PRICES(1.0),Analytical house prices indicators,I,USA,United States,Q,Quarterly,HPI_RPI,Price to rent ratio,IX,Index,2007-Q3,,121.423857919485,,A,Normal value,0,Units,S,"Seasonally adjusted, not calendar adjusted",1,One,2015,
DATAFLOW,OECD.ECO.MPD:DSD_AN_HOUSE_PRICES@DF_HOUSE_PRICES(1.0),Analytical house prices indicators,I,USA,United States,Q,Quarterly,HPI_RPI,Price to rent ratio,IX,Index,2007-Q4,,118.488381887379,,A,Normal value,0,Units,S,"Seasonally adjusted, not calendar adjusted",1,One,2015,
DATAFLOW,OECD.ECO.MPD:DSD_AN_HOUSE_PRICES@DF_HOUSE_PRICES(1.0),Analytical house prices indicators,I,USA,United States,Q,Quarterly,HPI_RPI,Price to rent ratio,IX,Index,2008-Q1,,114.942778323918,,A,Normal value,0,Units,S,"Seasonally adjusted, not calendar adjusted",1,One,2015,
DATAFLOW,OECD.ECO.MPD:DSD_AN_HOUSE_PRICES@DF_HOUSE_PRICES(1.0),Analytical house prices indicators,I,USA,United States,Q,Quarterly,HPI_RPI,Price to rent ratio,IX,Index,2008-Q2,,111.194789462618,,A,Normal value,0,Units,S,"Seasonally adjusted, not calendar adjusted",1,One,2015,
DATAFLOW,OECD.ECO.MPD:DSD_AN_HOUSE_PRICES@DF_HOUSE_PRICES(1.0),Analytical house prices indicators,I,USA,United States,Q,Quarterly,HPI_RPI,Price to rent ratio,IX,Index,2008-Q3,,107.673003183669,,A,Normal value,0,Units,S,"Seasonally adjusted, not calendar adjusted",1,One,2015,
DATAFLOW,OECD.ECO.MPD:DSD_AN_HOUSE_PRICES@DF_HOUSE_PRICES(1.0),Analytical house prices indicators,I,USA,United States,Q,Quarterly,HPI_RPI,Price to rent ratio,IX,Index,2008-Q4,,104.308238149857,,A,Normal value,0,Units,S,"Seasonally adjusted, not calendar adjusted",1,One,2015,
DATAFLOW,OECD.ECO.MPD:DSD_AN_HOUSE_PRICES@DF_HOUSE_PRICES(1.0),Analytical house prices indicators,I,USA,United States,Q,Quarterly,HPI_RPI,Price to rent ratio,IX,Index,2009-Q1,,103.395023839781,,A,Normal value,0,Units,S,"Seasonally adjusted, not calendar adjusted",1,One,2015,
DATAFLOW,OECD.ECO.MPD:DSD_AN_HOUSE_PRICES@DF_HOUSE_PRICES(1.0),Analytical house prices indicators,I,USA,United States,Q,Quarterly,HPI_RPI,Price to rent ratio,IX,Index,2009-Q2,,101.579112717137,,A,Normal value,0,Units,S,"Seasonally adjusted, not calendar adjusted",1,One,2015,
DATAFLOW,OECD.ECO.MPD:DSD_AN_HOUSE_PRICES@DF_HOUSE_PRICES(1.0),Analytical house prices indicators,I,USA,United States,Q,Quarterly,HPI_RPI,Price to rent ratio,IX,Index,2009-Q3,,101.046020334329,,A,Normal value,0,Units,S,"Seasonally adjusted, not calendar adjusted",1,One,2015,
DATAFLOW,OECD.ECO.MPD:DSD_AN_HOUSE_PRICES@DF_HOUSE_PRICES(1.0),Analytical house prices indicators,I,USA,United States,Q,Quarterly,HPI_RPI,Price to rent ratio,IX,Index,2009-Q4,,101.375793839143,,A,Normal value,0,Units,S,"Seasonally adjusted, not calendar adjusted",1,One,2015,
DATAFLOW,OECD.ECO.MPD:DSD_AN_HOUSE_PRICES@DF_HOUSE_PRICES(1.0),Analytical house prices indicators,I,USA,United States,Q,Quarterly,HPI_RPI,Price to rent ratio,IX,Index,2010-Q1,,100.674701071222,,A,Normal value,0,Units,S,"Seasonally adjusted, not calendar adjusted",1,One,2015,
DATAFLOW,OECD.ECO.MPD:DSD_AN_HOUSE_PRICES@DF_HOUSE_PRICES(1.0),Analytical house prices indicators,I,USA,United States,Q,Quarterly,HPI_RPI,Price to rent ratio,IX,Index,2010-Q2,,100.172336640388,,A,Normal value,0,Units,S,"Seasonally adjusted, not calendar adjusted",1,One,2015,
DATAFLOW,OECD.ECO.MPD:DSD_AN_HOUSE_PRICES@DF_HOUSE_PRICES(1.0),Analytical house prices indicators,I,USA,United States,Q,Quarterly,HPI_RPI,Price to rent ratio,IX,Index,2010-Q3,,98.3594394621277,,A,Normal value,0,Units,S,"Seasonally adjusted, not calendar adjusted",1,One,2015,
DATAFLOW,OECD.ECO.MPD:DSD_AN_HOUSE_PRICES@DF_HOUSE_PRICES(1.0),Analytical house prices indicators,I,USA,United States,Q,Quarterly,HPI_RPI,Price to rent ratio,IX,Index,2010-Q4,,96.8936168042766,,A,Normal value,0,Units,S,"Seasonally adjusted, not calendar adjusted",1,One,2015,
DATAFLOW,OECD.ECO.MPD:DSD_AN_HOUSE_PRICES@DF_HOUSE_PRICES(1.0),Analytical house prices indicators,I,USA,United States,Q,Quarterly,HPI_RPI,Price to rent ratio,IX,Index,2011-Q1,,94.3581165141291,,A,Normal value,0,Units,S,"Seasonally adjusted, not calendar adjusted",1,One,2015,
DATAFLOW,OECD.ECO.MPD:DSD_AN_HOUSE_PRICES@DF_HOUSE_PRICES(1.0),Analytical house prices indicators,I,USA,United States,Q,Quarterly,HPI_RPI,Price to rent ratio,IX,Index,2011-Q2,,93.2240096546265,,A,Normal value,0,Units,S,"Seasonally adjusted, not calendar adjusted",1,One,2015,
DATAFLOW,OECD.ECO.MPD:DSD_AN_HOUSE_PRICES@DF_HOUSE_PRICES(1.0),Analytical house prices indicators,I,USA,United States,Q,Quarterly,HPI_RPI,Price to rent ratio,IX,Index,2011-Q3,,92.8824368396427,,A,Normal value,0,Units,S,"Seasonally adjusted, not calendar adjusted",1,One,2015,
DATAFLOW,OECD.ECO.MPD:DSD_AN_HOUSE_PRICES@DF_HOUSE_PRICES(1.0),Analytical house prices indicators,I,USA,United States,Q,Quarterly,HPI_RPI,Price to rent ratio,IX,Index,2011-Q4,,92.2532805092063,,A,Normal value,0,Units,S,"Seasonally adjusted, not calendar adjusted",1,One,2015,
DATAFLOW,OECD.ECO.MPD:DSD_AN_HOUSE_PRICES@DF_HOUSE_PRICES(1.0),Analytical house prices indicators,I,USA,United States,Q,Quarterly,HPI_RPI,Price to rent ratio,IX,Index,2012-Q1,,92.1251201316287,,A,Normal value,0,Units,S,"Seasonally adjusted, not calendar adjusted",1,One,2015,
DATAFLOW,OECD.ECO.MPD:DSD_AN_HOUSE_PRICES@DF_HOUSE_PRICES(1.0),Analytical house prices indicators,I,USA,United States,Q,Quarterly,HPI_RPI,Price to rent ratio,IX,Index,2012-Q2,,93.0168946763729,,A,Normal value,0,Units,S,"Seasonally adjusted, not calendar adjusted",1,One,2015,
DATAFLOW,OECD.ECO.MPD:DSD_AN_HOUSE_PRICES@DF_HOUSE_PRICES(1.0),Analytical house prices indicators,I,USA,United States,Q,Quarterly,HPI_RPI,Price to rent ratio,IX,Index,2012-Q3,,93.5616428994802,,A,Normal value,0,Units,S,"Seasonally adjusted, not calendar adjusted",1,One,2015,
DATAFLOW,OECD.ECO.MPD:DSD_AN_HOUSE_PRICES@DF_HOUSE_PRICES(1.0),Analytical house prices indicators,I,USA,United States,Q,Quarterly,HPI_RPI,Price to rent ratio,IX,Index,2012-Q4,,94.201409183435,,A,Normal value,0,Units,S,"Seasonally adjusted, not calendar adjusted",1,One,2015,
DATAFLOW,OECD.ECO.MPD:DSD_AN_HOUSE_PRICES@DF_HOUSE_PRICES(1.0),Analytical house prices indicators,I,USA,United States,Q,Quarterly,HPI_RPI,Price to rent ratio,IX,Index,1977-Q3,,106.386737644273,,A,Normal value,0,Units,S,"Seasonally adjusted, not calendar adjusted",1,One,2015,
DATAFLOW,OECD.ECO.MPD:DSD_AN_HOUSE_PRICES@DF_HOUSE_PRICES(1.0),Analytical house prices indicators,I,USA,United States,Q,Quarterly,HPI_RPI,Price to rent ratio,IX,Index,1977-Q4,,108.15731794992,,A,Normal value,0,Units,S,"Seasonally adjusted, not calendar adjusted",1,One,2015,
DATAFLOW,OECD.ECO.MPD:DSD_AN_HOUSE_PRICES@DF_HOUSE_PRICES(1.0),Analytical house prices indicators,I,USA,United States,Q,Quarterly,HPI_RPI,Price to rent ratio,IX,Index,1978-Q1,,108.651687547764,,A,Normal value,0,Units,S,"Seasonally adjusted, not calendar adjusted",1,One,2015,
DATAFLOW,OECD.ECO.MPD:DSD_AN_HOUSE_PRICES@DF_HOUSE_PRICES(1.0),Analytical house prices indicators,I,USA,United States,Q,Quarterly,HPI_RPI,Price to rent ratio,IX,Index,1978-Q2,,109.11799314364,,A,Normal value,0,Units,S,"Seasonally adjusted, not calendar adjusted",1,One,2015,
DATAFLOW,OECD.ECO.MPD:DSD_AN_HOUSE_PRICES@DF_HOUSE_PRICES(1.0),Analytical house prices indicators,I,USA,United States,Q,Quarterly,HPI_RPI,Price to rent ratio,IX,Index,2013-Q2,,96.7529440569094,,A,Normal value,0,Units,S,"Seasonally adjusted, not calendar adjusted",1,One,2015,
DATAFLOW,OECD.ECO.MPD:DSD_AN_HOUSE_PRICES@DF_HOUSE_PRICES(1.0),Analytical house prices indicators,I,USA,United States,Q,Quarterly,HPI_RPI,Price to rent ratio,IX,Index,2013-Q3,,97.5639312213649,,A,Normal value,0,Units,S,"Seasonally adjusted, not calendar adjusted",1,One,2015,
DATAFLOW,OECD.ECO.MPD:DSD_AN_HOUSE_PRICES@DF_HOUSE_PRICES(1.0),Analytical house prices indicators,I,USA,United States,Q,Quarterly,HPI_RPI,Price to rent ratio,IX,Index,2013-Q4,,97.8670437250314,,A,Normal value,0,Units,S,"Seasonally adjusted, not calendar adjusted",1,One,2015,
DATAFLOW,OECD.ECO.MPD:DSD_AN_HOUSE_PRICES@DF_HOUSE_PRICES(1.0),Analytical house prices indicators,I,USA,United States,Q,Quarterly,HPI_RPI,Price to rent ratio,IX,Index,2014-Q1,,98.2924697400214,,A,Normal value,0,Units,S,"Seasonally adjusted, not calendar adjusted",1,One,2015,
DATAFLOW,OECD.ECO.MPD:DSD_AN_HOUSE_PRICES@DF_HOUSE_PRICES(1.0),Analytical house prices indicators,I,USA,United States,Q,Quarterly,HPI_RPI,Price to rent ratio,IX,Index,2014-Q2,,98.2841878936754,,A,Normal value,0,Units,S,"Seasonally adjusted, not calendar adjusted",1,One,2015,
DATAFLOW,OECD.ECO.MPD:DSD_AN_HOUSE_PRICES@DF_HOUSE_PRICES(1.0),Analytical house prices indicators,I,USA,United States,Q,Quarterly,HPI_RPI,Price to rent ratio,IX,Index,2014-Q3,,98.510087166473,,A,Normal value,0,Units,S,"Seasonally adjusted, not calendar adjusted",1,One,2015,
DATAFLOW,OECD.ECO.MPD:DSD_AN_HOUSE_PRICES@DF_HOUSE_PRICES(1.0),Analytical house prices indicators,I,USA,United States,Q,Quarterly,HPI_RPI,Price to rent ratio,IX,Index,2014-Q4,,98.963947083207,,A,Normal value,0,Units,S,"Seasonally adjusted, not calendar adjusted",1,One,2015,
DATAFLOW,OECD.ECO.MPD:DSD_AN_HOUSE_PRICES@DF_HOUSE_PRICES(1.0),Analytical house prices indicators,I,USA,United States,Q,Quarterly,HPI_RPI,Price to rent ratio,IX,Index,2015-Q1,,99.4577254859334,,A,Normal value,0,Units,S,"Seasonally adjusted, not calendar adjusted",1,One,2015,
DATAFLOW,OECD.ECO.MPD:DSD_AN_HOUSE_PRICES@DF_HOUSE_PRICES(1.0),Analytical house prices indicators,I,USA,United States,Q,Quarterly,HPI_RPI,Price to rent ratio,IX,Index,2015-Q2,,99.8449366281151,,A,Normal value,0,Units,S,"Seasonally adjusted, not calendar adjusted",1,One,2015,
DATAFLOW,OECD.ECO.MPD:DSD_AN_HOUSE_PRICES@DF_HOUSE_PRICES(1.0),Analytical house prices indicators,I,USA,United States,Q,Quarterly,HPI_RPI,Price to rent ratio,IX,Index,2015-Q3,,100.099207280011,,A,Normal value,0,Units,S,"Seasonally adjusted, not calendar adjusted",1,One,2015,
DATAFLOW,OECD.ECO.MPD:DSD_AN_HOUSE_PRICES@DF_HOUSE_PRICES(1.0),Analytical house prices indicators,I,USA,United States,Q,Quarterly,HPI_RPI,Price to rent ratio,IX,Index,2015-Q4,,100.59813060594,,A,Normal value,0,Units,S,"Seasonally adjusted, not calendar adjusted",1,One,2015,
DATAFLOW,OECD.ECO.MPD:DSD_AN_HOUSE_PRICES@DF_HOUSE_PRICES(1.0),Analytical house prices indicators,I,USA,United States,Q,Quarterly,HPI_RPI,Price to rent ratio,IX,Index,2016-Q1,,100.953613853434,,A,Normal value,0,Units,S,"Seasonally adjusted, not calendar adjusted",1,One,2015,
DATAFLOW,OECD.ECO.MPD:DSD_AN_HOUSE_PRICES@DF_HOUSE_PRICES(1.0),Analytical house prices indicators,I,USA,United States,Q,Quarterly,HPI_RPI,Price to rent ratio,IX,Index,2016-Q2,,101.449530840349,,A,Normal value,0,Units,S,"Seasonally adjusted, not calendar adjusted",1,One,2015,
DATAFLOW,OECD.ECO.MPD:DSD_AN_HOUSE_PRICES@DF_HOUSE_PRICES(1.0),Analytical house prices indicators,I,USA,United States,Q,Quarterly,HPI_RPI,Price to rent ratio,IX,Index,2016-Q3,,102.014390454053,,A,Normal value,0,Units,S,"Seasonally adjusted, not calendar adjusted",1,One,2015,
DATAFLOW,OECD.ECO.MPD:DSD_AN_HOUSE_PRICES@DF_HOUSE_PRICES(1.0),Analytical house prices indicators,I,USA,United States,Q,Quarterly,HPI_RPI,Price to rent ratio,IX,Index,2016-Q4,,102.529869538063,,A,Normal value,0,Units,S,"Seasonally adjusted, not calendar adjusted",1,One,2015,
DATAFLOW,OECD.ECO.MPD:DSD_AN_HOUSE_PRICES@DF_HOUSE_PRICES(1.0),Analytical house prices indicators,I,USA,United States,Q,Quarterly,HPI_RPI,Price to rent ratio,IX,Index,2017-Q1,,102.91307349136,,A,Normal value,0,Units,S,"Seasonally adjusted, not calendar adjusted",1,One,2015,
DATAFLOW,OECD.ECO.MPD:DSD_AN_HOUSE_PRICES@DF_HOUSE_PRICES(1.0),Analytical house prices indicators,I,USA,United States,Q,Quarterly,HPI_RPI,Price to rent ratio,IX,Index,2017-Q2,,103.75586746001,,A,Normal value,0,Units,S,"Seasonally adjusted, not calendar adjusted",1,One,2015,
DATAFLOW,OECD.ECO.MPD:DSD_AN_HOUSE_PRICES@DF_HOUSE_PRICES(1.0),Analytical house prices indicators,I,USA,United States,Q,Quarterly,HPI_RPI,Price to rent ratio,IX,Index,2017-Q3,,104.40450249275,,A,Normal value,0,Units,S,"Seasonally adjusted, not calendar adjusted",1,One,2015,
DATAFLOW,OECD.ECO.MPD:DSD_AN_HOUSE_PRICES@DF_HOUSE_PRICES(1.0),Analytical house prices indicators,I,USA,United States,Q,Quarterly,HPI_RPI,Price to rent ratio,IX,Index,2017-Q4,,104.983578506693,,A,Normal value,0,Units,S,"Seasonally adjusted, not calendar adjusted",1,One,2015,
DATAFLOW,OECD.ECO.MPD:DSD_AN_HOUSE_PRICES@DF_HOUSE_PRICES(1.0),Analytical house prices indicators,I,USA,United States,Q,Quarterly,HPI_RPI,Price to rent ratio,IX,Index,2018-Q1,,106.011458630816,,A,Normal value,0,Units,S,"Seasonally adjusted, not calendar adjusted",1,One,2015,
DATAFLOW,OECD.ECO.MPD:DSD_AN_HOUSE_PRICES@DF_HOUSE_PRICES(1.0),Analytical house prices indicators,I,USA,United States,Q,Quarterly,HPI_RPI,Price to rent ratio,IX,Index,2018-Q2,,106.347722240541,,A,Normal value,0,Units,S,"Seasonally adjusted, not calendar adjusted",1,One,2015,
DATAFLOW,OECD.ECO.MPD:DSD_AN_HOUSE_PRICES@DF_HOUSE_PRICES(1.0),Analytical house prices indicators,I,USA,United States,Q,Quarterly,HPI_RPI,Price to rent ratio,IX,Index,2018-Q3,,106.763566250877,,A,Normal value,0,Units,S,"Seasonally adjusted, not calendar adjusted",1,One,2015,
DATAFLOW,OECD.ECO.MPD:DSD_AN_HOUSE_PRICES@DF_HOUSE_PRICES(1.0),Analytical house prices indicators,I,USA,United States,Q,Quarterly,HPI_RPI,Price to rent ratio,IX,Index,2018-Q4,,106.991725997141,,A,Normal value,0,Units,S,"Seasonally adjusted, not calendar adjusted",1,One,2015,
DATAFLOW,OECD.ECO.MPD:DSD_AN_HOUSE_PRICES@DF_HOUSE_PRICES(1.0),Analytical house prices indicators,I,USA,United States,Q,Quarterly,HPI_RPI,Price to rent ratio,IX,Index,2019-Q1,,107.361864064863,,A,Normal value,0,Units,S,"Seasonally adjusted, not calendar adjusted",1,One,2015,
DATAFLOW,OECD.ECO.MPD:DSD_AN_HOUSE_PRICES@DF_HOUSE_PRICES(1.0),Analytical house prices indicators,I,USA,United States,Q,Quarterly,HPI_RPI,Price to rent ratio,IX,Index,2019-Q2,,107.479909210407,,A,Normal value,0,Units,S,"Seasonally adjusted, not calendar adjusted",1,One,2015,
DATAFLOW,OECD.ECO.MPD:DSD_AN_HOUSE_PRICES@DF_HOUSE_PRICES(1.0),Analytical house prices indicators,I,USA,United States,Q,Quarterly,HPI_RPI,Price to rent ratio,IX,Index,2019-Q3,,107.878744690576,,A,Normal value,0,Units,S,"Seasonally adjusted, not calendar adjusted",1,One,2015,
DATAFLOW,OECD.ECO.MPD:DSD_AN_HOUSE_PRICES@DF_HOUSE_PRICES(1.0),Analytical house prices indicators,I,USA,United States,Q,Quarterly,HPI_RPI,Price to rent ratio,IX,Index,2019-Q4,,108.819643832785,,A,Normal value,0,Units,S,"Seasonally adjusted, not calendar adjusted",1,One,2015,
DATAFLOW,OECD.ECO.MPD:DSD_AN_HOUSE_PRICES@DF_HOUSE_PRICES(1.0),Analytical house prices indicators,I,USA,United States,Q,Quarterly,HPI_RPI,Price to rent ratio,IX,Index,2020-Q1,,109.971867037545,,A,Normal value,0,Units,S,"Seasonally adjusted, not calendar adjusted",1,One,2015,
DATAFLOW,OECD.ECO.MPD:DSD_AN_HOUSE_PRICES@DF_HOUSE_PRICES(1.0),Analytical house prices indicators,I,USA,United States,Q,Quarterly,HPI_RPI,Price to rent ratio,IX,Index,2020-Q2,,109.838027490045,,A,Normal value,0,Units,S,"Seasonally adjusted, not calendar adjusted",1,One,2015,
DATAFLOW,OECD.ECO.MPD:DSD_AN_HOUSE_PRICES@DF_HOUSE_PRICES(1.0),Analytical house prices indicators,I,USA,United States,Q,Quarterly,HPI_RPI,Price to rent ratio,IX,Index,1980-Q1,,102.398045939711,,A,Normal value,0,Units,S,"Seasonally adjusted, not calendar adjusted",1,One,2015,
DATAFLOW,OECD.ECO.MPD:DSD_AN_HOUSE_PRICES@DF_HOUSE_PRICES(1.0),Analytical house prices indicators,I,USA,United States,Q,Quarterly,HPI_RPI,Price to rent ratio,IX,Index,1980-Q2,,98.1292638492513,,A,Normal value,0,Units,S,"Seasonally adjusted, not calendar adjusted",1,One,2015,
DATAFLOW,OECD.ECO.MPD:DSD_AN_HOUSE_PRICES@DF_HOUSE_PRICES(1.0),Analytical house prices indicators,I,USA,United States,Q,Quarterly,HPI_RPI,Price to rent ratio,IX,Index,1980-Q3,,100.815480302728,,A,Normal value,0,Units,S,"Seasonally adjusted, not calendar adjusted",1,One,2015,
DATAFLOW,OECD.ECO.MPD:DSD_AN_HOUSE_PRICES@DF_HOUSE_PRICES(1.0),Analytical house prices indicators,I,USA,United States,Q,Quarterly,HPI_RPI,Price to rent ratio,IX,Index,1980-Q4,,97.7906670763387,,A,Normal value,0,Units,S,"Seasonally adjusted, not calendar adjusted",1,One,2015,
DATAFLOW,OECD.ECO.MPD:DSD_AN_HOUSE_PRICES@DF_HOUSE_PRICES(1.0),Analytical house prices indicators,I,USA,United States,Q,Quarterly,HPI_RPI,Price to rent ratio,IX,Index,1981-Q1,,96.3768938796625,,A,Normal value,0,Units,S,"Seasonally adjusted, not calendar adjusted",1,One,2015,
DATAFLOW,OECD.ECO.MPD:DSD_AN_HOUSE_PRICES@DF_HOUSE_PRICES(1.0),Analytical house prices indicators,I,USA,United States,Q,Quarterly,HPI_RPI,Price to rent ratio,IX,Index,1981-Q2,,95.5586655693332,,A,Normal value,0,Units,S,"Seasonally adjusted, not calendar adjusted",1,One,2015,
DATAFLOW,OECD.ECO.MPD:DSD_AN_HOUSE_PRICES@DF_HOUSE_PRICES(1.0),Analytical house prices indicators,I,USA,United States,Q,Quarterly,HPI_RPI,Price to rent ratio,IX,Index,1981-Q3,,92.8311444600282,,A,Normal value,0,Units,S,"Seasonally adjusted, not calendar adjusted",1,One,2015,
DATAFLOW,OECD.ECO.MPD:DSD_AN_HOUSE_PRICES@DF_HOUSE_PRICES(1.0),Analytical house prices indicators,I,USA,United States,Q,Quarterly,HPI_RPI,Price to rent ratio,IX,Index,1981-Q4,,91.947626904021,,A,Normal value,0,Units,S,"Seasonally adjusted, not calendar adjusted",1,One,2015,
DATAFLOW,OECD.ECO.MPD:DSD_AN_HOUSE_PRICES@DF_HOUSE_PRICES(1.0),Analytical house prices indicators,I,USA,United States,Q,Quarterly,HPI_RPI,Price to rent ratio,IX,Index,1982-Q1,,92.5400425690966,,A,Normal value,0,Units,S,"Seasonally adjusted, not calendar adjusted",1,One,2015,
DATAFLOW,OECD.ECO.MPD:DSD_AN_HOUSE_PRICES@DF_HOUSE_PRICES(1.0),Analytical house prices indicators,I,USA,United States,Q,Quarterly,HPI_RPI,Price to rent ratio,IX,Index,1982-Q2,,90.5347927552089,,A,Normal value,0,Units,S,"Seasonally adjusted, not calendar adjusted",1,One,2015,
DATAFLOW,OECD.ECO.MPD:DSD_AN_HOUSE_PRICES@DF_HOUSE_PRICES(1.0),Analytical house prices indicators,I,USA,United States,Q,Quarterly,HPI_RPI,Price to rent ratio,IX,Index,1982-Q3,,88.5618709696769,,A,Normal value,0,Units,S,"Seasonally adjusted, not calendar adjusted",1,One,2015,
DATAFLOW,OECD.ECO.MPD:DSD_AN_HOUSE_PRICES@DF_HOUSE_PRICES(1.0),Analytical house prices indicators,I,USA,United States,Q,Quarterly,HPI_RPI,Price to rent ratio,IX,Index,1982-Q4,,90.5421158257042,,A,Normal value,0,Units,S,"Seasonally adjusted, not calendar adjusted",1,One,2015,
DATAFLOW,OECD.ECO.MPD:DSD_AN_HOUSE_PRICES@DF_HOUSE_PRICES(1.0),Analytical house prices indicators,I,USA,United States,Q,Quarterly,HPI_RPI,Price to rent ratio,IX,Index,1983-Q1,,90.8664370104448,,A,Normal value,0,Units,S,"Seasonally adjusted, not calendar adjusted",1,One,2015,
DATAFLOW,OECD.ECO.MPD:DSD_AN_HOUSE_PRICES@DF_HOUSE_PRICES(1.0),Analytical house prices indicators,I,USA,United States,Q,Quarterly,HPI_RPI,Price to rent ratio,IX,Index,2021-Q1,,121.94012732103,,A,Normal value,0,Units,S,"Seasonally adjusted, not calendar adjusted",1,One,2015,
DATAFLOW,OECD.ECO.MPD:DSD_AN_HOUSE_PRICES@DF_HOUSE_PRICES(1.0),Analytical house prices indicators,I,USA,United States,Q,Quarterly,HPI_RPI,Price to rent ratio,IX,Index,2021-Q2,,126.625931111549,,A,Normal value,0,Units,S,"Seasonally adjusted, not calendar adjusted",1,One,2015,
DATAFLOW,OECD.ECO.MPD:DSD_AN_HOUSE_PRICES@DF_HOUSE_PRICES(1.0),Analytical house prices indicators,I,USA,United States,Q,Quarterly,HPI_RPI,Price to rent ratio,IX,Index,2021-Q3,,131.263114554277,,A,Normal value,0,Units,S,"Seasonally adjusted, not calendar adjusted",1,One,2015,
DATAFLOW,OECD.ECO.MPD:DSD_AN_HOUSE_PRICES@DF_HOUSE_PRICES(1.0),Analytical house prices indicators,I,USA,United States,Q,Quarterly,HPI_RPI,Price to rent ratio,IX,Index,2021-Q4,,134.866255284993,,A,Normal value,0,Units,S,"Seasonally adjusted, not calendar adjusted",1,One,2015,
DATAFLOW,OECD.ECO.MPD:DSD_AN_HOUSE_PRICES@DF_HOUSE_PRICES(1.0),Analytical house prices indicators,I,USA,United States,Q,Quarterly,HPI_RPI,Price to rent ratio,IX,Index,2022-Q1,,138.8854144082,,A,Normal value,0,Units,S,"Seasonally adjusted, not calendar adjusted",1,One,2015,
DATAFLOW,OECD.ECO.MPD:DSD_AN_HOUSE_PRICES@DF_HOUSE_PRICES(1.0),Analytical house prices indicators,I,USA,United States,Q,Quarterly,HPI_RPI,Price to rent ratio,IX,Index,2022-Q2,,140.869800635717,,A,Normal value,0,Units,S,"Seasonally adjusted, not calendar adjusted",1,One,2015,
DATAFLOW,OECD.ECO.MPD:DSD_AN_HOUSE_PRICES@DF_HOUSE_PRICES(1.0),Analytical house prices indicators,I,USA,United States,Q,Quarterly,HPI_RPI,Price to rent ratio,IX,Index,2022-Q3,,137.568624463277,,A,Normal value,0,Units,S,"Seasonally adjusted, not calendar adjusted",1,One,2015,
DATAFLOW,OECD.ECO.MPD:DSD_AN_HOUSE_PRICES@DF_HOUSE_PRICES(1.0),Analytical house prices indicators,I,USA,United States,Q,Quarterly,HPI_RPI,Price to rent ratio,IX,Index,2022-Q4,,135.252833156162,,A,Normal value,0,Units,S,"Seasonally adjusted, not calendar adjusted",1,One,2015,
DATAFLOW,OECD.ECO.MPD:DSD_AN_HOUSE_PRICES@DF_HOUSE_PRICES(1.0),Analytical house prices indicators,I,USA,United States,Q,Quarterly,HPI_RPI,Price to rent ratio,IX,Index,2023-Q1,,133.695313083118,,A,Normal value,0,Units,S,"Seasonally adjusted, not calendar adjusted",1,One,2015,
DATAFLOW,OECD.ECO.MPD:DSD_AN_HOUSE_PRICES@DF_HOUSE_PRICES(1.0),Analytical house prices indicators,I,USA,United States,Q,Quarterly,HPI_RPI,Price to rent ratio,IX,Index,2023-Q2,,133.824854260637,,A,Normal value,0,Units,S,"Seasonally adjusted, not calendar adjusted",1,One,2015,
DATAFLOW,OECD.ECO.MPD:DSD_AN_HOUSE_PRICES@DF_HOUSE_PRICES(1.0),Analytical house prices indicators,I,USA,United States,Q,Quarterly,HPI_RPI,Price to rent ratio,IX,Index,2023-Q3,,134.77067475909,,A,Normal value,0,Units,S,"Seasonally adjusted, not calendar adjusted",1,One,2015,
DATAFLOW,OECD.ECO.MPD:DSD_AN_HOUSE_PRICES@DF_HOUSE_PRICES(1.0),Analytical house prices indicators,I,USA,United States,Q,Quarterly,HPI_RPI,Price to rent ratio,IX,Index,2023-Q4,,134.896484804714,,A,Normal value,0,Units,S,"Seasonally adjusted, not calendar adjusted",1,One,2015,
DATAFLOW,OECD.ECO.MPD:DSD_AN_HOUSE_PRICES@DF_HOUSE_PRICES(1.0),Analytical house prices indicators,I,USA,United States,Q,Quarterly,HPI_RPI,Price to rent ratio,IX,Index,2024-Q1,,134.658671103147,,A,Normal value,0,Units,S,"Seasonally adjusted, not calendar adjusted",1,One,2015,
DATAFLOW,OECD.ECO.MPD:DSD_AN_HOUSE_PRICES@DF_HOUSE_PRICES(1.0),Analytical house prices indicators,I,USA,United States,Q,Quarterly,HPI_RPI,Price to rent ratio,IX,Index,1993-Q2,,90.3704316543274,,A,Normal value,0,Units,S,"Seasonally adjusted, not calendar adjusted",1,One,2015,
DATAFLOW,OECD.ECO.MPD:DSD_AN_HOUSE_PRICES@DF_HOUSE_PRICES(1.0),Analytical house prices indicators,I,USA,United States,Q,Quarterly,HPI_RPI,Price to rent ratio,IX,Index,1993-Q3,,90.5057707596262,,A,Normal value,0,Units,S,"Seasonally adjusted, not calendar adjusted",1,One,2015,
DATAFLOW,OECD.ECO.MPD:DSD_AN_HOUSE_PRICES@DF_HOUSE_PRICES(1.0),Analytical house prices indicators,I,USA,United States,Q,Quarterly,HPI_RPI,Price to rent ratio,IX,Index,1993-Q4,,90.741067533754,,A,Normal value,0,Units,S,"Seasonally adjusted, not calendar adjusted",1,One,2015,
DATAFLOW,OECD.ECO.MPD:DSD_AN_HOUSE_PRICES@DF_HOUSE_PRICES(1.0),Analytical house prices indicators,I,USA,United States,Q,Quarterly,HPI_RPI,Price to rent ratio,IX,Index,1994-Q1,,90.7172289714996,,A,Normal value,0,Units,S,"Seasonally adjusted, not calendar adjusted",1,One,2015,
DATAFLOW,OECD.ECO.MPD:DSD_AN_HOUSE_PRICES@DF_HOUSE_PRICES(1.0),Analytical house prices indicators,I,USA,United States,Q,Quarterly,HPI_RPI,Price to rent ratio,IX,Index,1994-Q2,,90.8327668192295,,A,Normal value,0,Units,S,"Seasonally adjusted, not calendar adjusted",1,One,2015,
DATAFLOW,OECD.ECO.MPD:DSD_AN_HOUSE_PRICES@DF_HOUSE_PRICES(1.0),Analytical house prices indicators,I,USA,United States,Q,Quarterly,HPI_RPI,Price to rent ratio,IX,Index,1994-Q3,,90.6806106744834,,A,Normal value,0,Units,S,"Seasonally adjusted, not calendar adjusted",1,One,2015,
DATAFLOW,OECD.ECO.MPD:DSD_AN_HOUSE_PRICES@DF_HOUSE_PRICES(1.0),Analytical house prices indicators,I,USA,United States,Q,Quarterly,HPI_RPI,Price to rent ratio,IX,Index,1994-Q4,,90.4113277718922,,A,Normal value,0,Units,S,"Seasonally adjusted, not calendar adjusted",1,One,2015,
DATAFLOW,OECD.ECO.MPD:DSD_AN_HOUSE_PRICES@DF_HOUSE_PRICES(1.0),Analytical house prices indicators,I,USA,United States,Q,Quarterly,HPI_RPI,Price to rent ratio,IX,Index,1995-Q1,,90.3358236945689,,A,Normal value,0,Units,S,"Seasonally adjusted, not calendar adjusted",1,One,2015,
DATAFLOW,OECD.ECO.MPD:DSD_AN_HOUSE_PRICES@DF_HOUSE_PRICES(1.0),Analytical house prices indicators,I,USA,United States,Q,Quarterly,HPI_RPI,Price to rent ratio,IX,Index,1995-Q2,,90.0260390064075,,A,Normal value,0,Units,S,"Seasonally adjusted, not calendar adjusted",1,One,2015,
DATAFLOW,OECD.ECO.MPD:DSD_AN_HOUSE_PRICES@DF_HOUSE_PRICES(1.0),Analytical house prices indicators,I,USA,United States,Q,Quarterly,HPI_RPI,Price to rent ratio,IX,Index,1995-Q3,,90.1095969744899,,A,Normal value,0,Units,S,"Seasonally adjusted, not calendar adjusted",1,One,2015,
DATAFLOW,OECD.ECO.MPD:DSD_AN_HOUSE_PRICES@DF_HOUSE_PRICES(1.0),Analytical house prices indicators,I,USA,United States,Q,Quarterly,HPI_RPI,Price to rent ratio,IX,Index,1995-Q4,,89.8641780439488,,A,Normal value,0,Units,S,"Seasonally adjusted, not calendar adjusted",1,One,2015,
DATAFLOW,OECD.ECO.MPD:DSD_AN_HOUSE_PRICES@DF_HOUSE_PRICES(1.0),Analytical house prices indicators,I,USA,United States,Q,Quarterly,HPI_RPI,Price to rent ratio,IX,Index,1996-Q1,,89.9252706785129,,A,Normal value,0,Units,S,"Seasonally adjusted, not calendar adjusted",1,One,2015,
DATAFLOW,OECD.ECO.MPD:DSD_AN_HOUSE_PRICES@DF_HOUSE_PRICES(1.0),Analytical house prices indicators,I,USA,United States,Q,Quarterly,HPI_RPI,Price to rent ratio,IX,Index,1996-Q2,,89.8963865559214,,A,Normal value,0,Units,S,"Seasonally adjusted, not calendar adjusted",1,One,2015,
DATAFLOW,OECD.ECO.MPD:DSD_AN_HOUSE_PRICES@DF_HOUSE_PRICES(1.0),Analytical house prices indicators,I,USA,United States,Q,Quarterly,HPI_RPI,Price to rent ratio,IX,Index,1996-Q3,,89.7145756921134,,A,Normal value,0,Units,S,"Seasonally adjusted, not calendar adjusted",1,One,2015,
DATAFLOW,OECD.ECO.MPD:DSD_AN_HOUSE_PRICES@DF_HOUSE_PRICES(1.0),Analytical house prices indicators,I,USA,United States,Q,Quarterly,HPI_RPI,Price to rent ratio,IX,Index,1996-Q4,,89.650379884553,,A,Normal value,0,Units,S,"Seasonally adjusted, not calendar adjusted",1,One,2015,
DATAFLOW,OECD.ECO.MPD:DSD_AN_HOUSE_PRICES@DF_HOUSE_PRICES(1.0),Analytical house prices indicators,I,USA,United States,Q,Quarterly,HPI_RPI,Price to rent ratio,IX,Index,1997-Q1,,89.5205563619078,,A,Normal value,0,Units,S,"Seasonally adjusted, not calendar adjusted",1,One,2015,
DATAFLOW,OECD.ECO.MPD:DSD_AN_HOUSE_PRICES@DF_HOUSE_PRICES(1.0),Analytical house prices indicators,I,USA,United States,Q,Quarterly,HPI_RPI,Price to rent ratio,IX,Index,1997-Q2,,89.5861805173938,,A,Normal value,0,Units,S,"Seasonally adjusted, not calendar adjusted",1,One,2015,
DATAFLOW,OECD.ECO.MPD:DSD_AN_HOUSE_PRICES@DF_HOUSE_PRICES(1.0),Analytical house prices indicators,I,USA,United States,Q,Quarterly,HPI_RPI,Price to rent ratio,IX,Index,1997-Q3,,89.5388481556631,,A,Normal value,0,Units,S,"Seasonally adjusted, not calendar adjusted",1,One,2015,
DATAFLOW,OECD.ECO.MPD:DSD_AN_HOUSE_PRICES@DF_HOUSE_PRICES(1.0),Analytical house prices indicators,I,USA,United States,Q,Quarterly,HPI_RPI,Price to rent ratio,IX,Index,1997-Q4,,89.7192760854849,,A,Normal value,0,Units,S,"Seasonally adjusted, not calendar adjusted",1,One,2015,
DATAFLOW,OECD.ECO.MPD:DSD_AN_HOUSE_PRICES@DF_HOUSE_PRICES(1.0),Analytical house prices indicators,I,USA,United States,Q,Quarterly,HPI_RPI,Price to rent ratio,IX,Index,1998-Q1,,90.1243507320561,,A,Normal value,0,Units,S,"Seasonally adjusted, not calendar adjusted",1,One,2015,
DATAFLOW,OECD.ECO.MPD:DSD_AN_HOUSE_PRICES@DF_HOUSE_PRICES(1.0),Analytical house prices indicators,I,USA,United States,Q,Quarterly,HPI_RPI,Price to rent ratio,IX,Index,1998-Q2,,90.5994674887886,,A,Normal value,0,Units,S,"Seasonally adjusted, not calendar adjusted",1,One,2015,
DATAFLOW,OECD.ECO.MPD:DSD_AN_HOUSE_PRICES@DF_HOUSE_PRICES(1.0),Analytical house prices indicators,I,USA,United States,Q,Quarterly,HPI_RPI,Price to rent ratio,IX,Index,1998-Q3,,91.0331892539318,,A,Normal value,0,Units,S,"Seasonally adjusted, not calendar adjusted",1,One,2015,
DATAFLOW,OECD.ECO.MPD:DSD_AN_HOUSE_PRICES@DF_HOUSE_PRICES(1.0),Analytical house prices indicators,I,USA,United States,Q,Quarterly,HPI_RPI,Price to rent ratio,IX,Index,1998-Q4,,91.6290134000398,,A,Normal value,0,Units,S,"Seasonally adjusted, not calendar adjusted",1,One,2015,
DATAFLOW,OECD.ECO.MPD:DSD_AN_HOUSE_PRICES@DF_HOUSE_PRICES(1.0),Analytical house prices indicators,I,USA,United States,Q,Quarterly,HPI_RPI,Price to rent ratio,IX,Index,1999-Q1,,92.6009714501233,,A,Normal value,0,Units,S,"Seasonally adjusted, not calendar adjusted",1,One,2015,
DATAFLOW,OECD.ECO.MPD:DSD_AN_HOUSE_PRICES@DF_HOUSE_PRICES(1.0),Analytical house prices indicators,I,USA,United States,Q,Quarterly,HPI_RPI,Price to rent ratio,IX,Index,1999-Q2,,93.2714210443123,,A,Normal value,0,Units,S,"Seasonally adjusted, not calendar adjusted",1,One,2015,
DATAFLOW,OECD.ECO.MPD:DSD_AN_HOUSE_PRICES@DF_HOUSE_PRICES(1.0),Analytical house prices indicators,I,USA,United States,Q,Quarterly,HPI_RPI,Price to rent ratio,IX,Index,1999-Q3,,94.0955260822006,,A,Normal value,0,Units,S,"Seasonally adjusted, not calendar adjusted",1,One,2015,
DATAFLOW,OECD.ECO.MPD:DSD_AN_HOUSE_PRICES@DF_HOUSE_PRICES(1.0),Analytical house prices indicators,I,USA,United States,Q,Quarterly,HPI_RPI,Price to rent ratio,IX,Index,1999-Q4,,94.8485305702419,,A,Normal value,0,Units,S,"Seasonally adjusted, not calendar adjusted",1,One,2015,
DATAFLOW,OECD.ECO.MPD:DSD_AN_HOUSE_PRICES@DF_HOUSE_PRICES(1.0),Analytical house prices indicators,I,USA,United States,Q,Quarterly,HPI_RPI,Price to rent ratio,IX,Index,1989-Q1,,97.2742355351142,,A,Normal value,0,Units,S,"Seasonally adjusted, not calendar adjusted",1,One,2015,
DATAFLOW,OECD.ECO.MPD:DSD_AN_HOUSE_PRICES@DF_HOUSE_PRICES(1.0),Analytical house prices indicators,I,USA,United States,Q,Quarterly,HPI_RPI,Price to rent ratio,IX,Index,1989-Q2,,97.3921015462555,,A,Normal value,0,Units,S,"Seasonally adjusted, not calendar adjusted",1,One,2015,
DATAFLOW,OECD.ECO.MPD:DSD_AN_HOUSE_PRICES@DF_HOUSE_PRICES(1.0),Analytical house prices indicators,I,USA,United States,Q,Quarterly,HPI_RPI,Price to rent ratio,IX,Index,1989-Q3,,98.2285279231586,,A,Normal value,0,Units,S,"Seasonally adjusted, not calendar adjusted",1,One,2015,
DATAFLOW,OECD.ECO.MPD:DSD_AN_HOUSE_PRICES@DF_HOUSE_PRICES(1.0),Analytical house prices indicators,I,USA,United States,Q,Quarterly,HPI_RPI,Price to rent ratio,IX,Index,1989-Q4,,98.1775910946767,,A,Normal value,0,Units,S,"Seasonally adjusted, not calendar adjusted",1,One,2015,
DATAFLOW,OECD.ECO.MPD:DSD_AN_HOUSE_PRICES@DF_HOUSE_PRICES(1.0),Analytical house prices indicators,I,USA,United States,Q,Quarterly,HPI_RPI,Price to rent ratio,IX,Index,1990-Q1,,97.3562198770009,,A,Normal value,0,Units,S,"Seasonally adjusted, not calendar adjusted",1,One,2015,
DATAFLOW,OECD.ECO.MPD:DSD_AN_HOUSE_PRICES@DF_HOUSE_PRICES(1.0),Analytical house prices indicators,I,USA,United States,Q,Quarterly,HPI_RPI,Price to rent ratio,IX,Index,1990-Q2,,95.9100519348325,,A,Normal value,0,Units,S,"Seasonally adjusted, not calendar adjusted",1,One,2015,
DATAFLOW,OECD.ECO.MPD:DSD_AN_HOUSE_PRICES@DF_HOUSE_PRICES(1.0),Analytical house prices indicators,I,USA,United States,Q,Quarterly,HPI_RPI,Price to rent ratio,IX,Index,1990-Q3,,94.134699370162,,A,Normal value,0,Units,S,"Seasonally adjusted, not calendar adjusted",1,One,2015,
